vigencia,ato,ano_ato,item,UF,QAV,AEHC,GNV,GNI,OLEO_LITRO,OLEO_KG,origem,fonte_dou
2026-01-01,31,2025,1,AC,-,"5,1774",-,-,-,-,transcricao_imagem,DOU 24/12/2025 ed.245 s.1 p.834
2026-01-01,31,2025,2,AL,"3,4910","5,1768","4,6642",-,-,-,transcricao_imagem,DOU 24/12/2025 ed.245 s.1 p.834
2026-01-01,31,2025,3,AM,-,"*5,4423","**2,9248","*1,7882",-,-,transcricao_imagem,DOU 24/12/2025 ed.245 s.1 p.834
2026-01-01,31,2025,4,AP,-,"*5,7900",-,-,-,-,transcricao_imagem,DOU 24/12/2025 ed.245 s.1 p.834
2026-01-01,31,2025,5,BA,-,"4,5900","3,6940",-,-,-,transcricao_imagem,DOU 24/12/2025 ed.245 s.1 p.834
2026-01-01,31,2025,6,CE,-,"5,1091","5,1334",-,-,-,transcricao_imagem,DOU 24/12/2025 ed.245 s.1 p.834
2026-01-01,31,2025,7,DF,-,"*4,8000","6,7800",-,-,-,transcricao_imagem,DOU 24/12/2025 ed.245 s.1 p.834
2026-01-01,31,2025,8,ES,-,"*4,5667","**4,1607",-,-,-,transcricao_imagem,DOU 24/12/2025 ed.245 s.1 p.834
2026-01-01,31,2025,9,GO,-,"*4,6525",-,-,-,-,transcricao_imagem,DOU 24/12/2025 ed.245 s.1 p.834
2026-01-01,31,2025,10,MA,-,"*4,6900",-,-,-,-,transcricao_imagem,DOU 24/12/2025 ed.245 s.1 p.834
2026-01-01,31,2025,11,MG,"*5,5204","*4,4711","**4,8983",-,-,-,transcricao_imagem,DOU 24/12/2025 ed.245 s.1 p.834
2026-01-01,31,2025,12,MS,"*4,5294","*4,1574","**4,5614",-,-,-,transcricao_imagem,DOU 24/12/2025 ed.245 s.1 p.834
2026-01-01,31,2025,13,MT,"6,4170","*4,3835","4,0497","3,6700",-,-,transcricao_imagem,DOU 24/12/2025 ed.245 s.1 p.834
2026-01-01,31,2025,14,PA,-,"4,8124",-,-,-,-,transcricao_imagem,DOU 24/12/2025 ed.245 s.1 p.834
2026-01-01,31,2025,15,PB,"*4,3472","**4,1440","**4,9255",-,"4,9389","4,9389",transcricao_imagem,DOU 24/12/2025 ed.245 s.1 p.834
2026-01-01,31,2025,16,PE,-,"*4,4800",-,-,-,-,transcricao_imagem,DOU 24/12/2025 ed.245 s.1 p.834
2026-01-01,31,2025,17,PI,"5,6800","4,6400",-,-,-,-,transcricao_imagem,DOU 24/12/2025 ed.245 s.1 p.834
2026-01-01,31,2025,18,PR,-,"4,3006","4,7805",-,-,-,transcricao_imagem,DOU 24/12/2025 ed.245 s.1 p.834
2026-01-01,31,2025,19,RJ,"2,4456","*4,6400","*4,3300",-,-,-,transcricao_imagem,DOU 24/12/2025 ed.245 s.1 p.834
2026-01-01,31,2025,20,RN,-,"4,4500","5,0400",-,-,-,transcricao_imagem,DOU 24/12/2025 ed.245 s.1 p.834
2026-01-01,31,2025,21,RO,-,"5,0870",-,-,"4,0864",-,transcricao_imagem,DOU 24/12/2025 ed.245 s.1 p.834
2026-01-01,31,2025,22,RR,"6,8560","5,1850",-,-,-,-,transcricao_imagem,DOU 24/12/2025 ed.245 s.1 p.834
2026-01-01,31,2025,23,RS,-,"*4,6644","**4,8683",-,-,-,transcricao_imagem,DOU 24/12/2025 ed.245 s.1 p.834
2026-01-01,31,2025,24,SC,-,"*4,6855","*4,9120",-,-,-,transcricao_imagem,DOU 24/12/2025 ed.245 s.1 p.834
2026-01-01,31,2025,25,SE,"*4,5990","*4,8260","4,6820",-,-,-,transcricao_imagem,DOU 24/12/2025 ed.245 s.1 p.834
2026-01-01,31,2025,26,SP,-,"*4,2100",-,-,-,-,transcricao_imagem,DOU 24/12/2025 ed.245 s.1 p.834
2026-01-01,31,2025,27,TO,"**6,4500","*4,8200",-,-,-,-,transcricao_imagem,DOU 24/12/2025 ed.245 s.1 p.834
2026-01-16,1,2026,1,AC,-,"5,1774",-,-,-,-,transcricao_imagem,DOU 09/01/2026 ed.6 s.1 p.36
2026-01-16,1,2026,2,AL,"3,4910","**5,1608","**4,5662",-,-,-,transcricao_imagem,DOU 09/01/2026 ed.6 s.1 p.36
2026-01-16,1,2026,3,AM,-,"*5,4442","2,9248","1,7882",-,-,transcricao_imagem,DOU 09/01/2026 ed.6 s.1 p.36
2026-01-16,1,2026,4,AP,-,"5,7900",-,-,-,-,transcricao_imagem,DOU 09/01/2026 ed.6 s.1 p.36
2026-01-16,1,2026,5,BA,-,"4,5900","3,6940",-,-,-,transcricao_imagem,DOU 09/01/2026 ed.6 s.1 p.36
2026-01-16,1,2026,6,CE,-,"5,1091","5,1334",-,-,-,transcricao_imagem,DOU 09/01/2026 ed.6 s.1 p.36
2026-01-16,1,2026,7,DF,-,"*4,9100","6,7800",-,-,-,transcricao_imagem,DOU 09/01/2026 ed.6 s.1 p.36
2026-01-16,1,2026,8,ES,-,"*4,6178","*4,1714",-,-,-,transcricao_imagem,DOU 09/01/2026 ed.6 s.1 p.36
2026-01-16,1,2026,9,GO,-,"4,6525",-,-,-,-,transcricao_imagem,DOU 09/01/2026 ed.6 s.1 p.36
2026-01-16,1,2026,10,MA,-,"**4,6600",-,-,-,-,transcricao_imagem,DOU 09/01/2026 ed.6 s.1 p.36
2026-01-16,1,2026,11,MG,"5,5204","4,4711","4,8983",-,-,-,transcricao_imagem,DOU 09/01/2026 ed.6 s.1 p.36
2026-01-16,1,2026,12,MS,"4,5294","4,1574","4,5614",-,-,-,transcricao_imagem,DOU 09/01/2026 ed.6 s.1 p.36
2026-01-16,1,2026,13,MT,"6,4170","4,3835","4,0497","3,6700",-,-,transcricao_imagem,DOU 09/01/2026 ed.6 s.1 p.36
2026-01-16,1,2026,14,PA,-,"4,8124",-,-,-,-,transcricao_imagem,DOU 09/01/2026 ed.6 s.1 p.36
2026-01-16,1,2026,15,PB,"**4,3294","*4,2354","*4,9319",-,"4,9389","4,9389",transcricao_imagem,DOU 09/01/2026 ed.6 s.1 p.36
2026-01-16,1,2026,16,PE,-,"4,4800",-,-,-,-,transcricao_imagem,DOU 09/01/2026 ed.6 s.1 p.36
2026-01-16,1,2026,17,PI,"5,6800","4,6400",-,-,-,-,transcricao_imagem,DOU 09/01/2026 ed.6 s.1 p.36
2026-01-16,1,2026,18,PR,-,"4,3006","4,7805",-,-,-,transcricao_imagem,DOU 09/01/2026 ed.6 s.1 p.36
2026-01-16,1,2026,19,RJ,"2,4456","*4,6900","*4,4000",-,-,-,transcricao_imagem,DOU 09/01/2026 ed.6 s.1 p.36
2026-01-16,1,2026,20,RN,-,"4,4500","5,0400",-,-,-,transcricao_imagem,DOU 09/01/2026 ed.6 s.1 p.36
2026-01-16,1,2026,21,RO,-,"5,0870",-,-,"4,0864",-,transcricao_imagem,DOU 09/01/2026 ed.6 s.1 p.36
2026-01-16,1,2026,22,RR,"6,8560","5,1850",-,-,-,-,transcricao_imagem,DOU 09/01/2026 ed.6 s.1 p.36
2026-01-16,1,2026,23,RS,-,"4,6644","4,8683",-,-,-,transcricao_imagem,DOU 09/01/2026 ed.6 s.1 p.36
2026-01-16,1,2026,24,SC,-,"4,6855","4,9120",-,-,-,transcricao_imagem,DOU 09/01/2026 ed.6 s.1 p.36
2026-01-16,1,2026,25,SE,"4,5990","4,8260","4,6820",-,-,-,transcricao_imagem,DOU 09/01/2026 ed.6 s.1 p.36
2026-01-16,1,2026,26,SP,-,"4,2100",-,-,-,-,transcricao_imagem,DOU 09/01/2026 ed.6 s.1 p.36
2026-01-16,1,2026,27,TO,"6,4500","4,8200",-,-,-,-,transcricao_imagem,DOU 09/01/2026 ed.6 s.1 p.36
2026-02-01,2,2026,1,AC,-,"*5,2254",-,-,-,-,transcricao_imagem,DOU 23/01/2026 ed.16 s.1 p.25
2026-02-01,2,2026,2,AL,"3,4910","**5,1155","*4,5764",-,-,-,transcricao_imagem,DOU 23/01/2026 ed.16 s.1 p.25
2026-02-01,2,2026,3,AM,-,"**5,4413","*3,1594","**1,7773",-,-,transcricao_imagem,DOU 23/01/2026 ed.16 s.1 p.25
2026-02-01,2,2026,4,AP,-,"5,7900",-,-,-,-,transcricao_imagem,DOU 23/01/2026 ed.16 s.1 p.25
2026-02-01,2,2026,5,BA,-,"4,5900","3,6940",-,-,-,transcricao_imagem,DOU 23/01/2026 ed.16 s.1 p.25
2026-02-01,2,2026,6,CE,-,"**4,9850","5,1334",-,-,-,transcricao_imagem,DOU 23/01/2026 ed.16 s.1 p.25
2026-02-01,2,2026,7,DF,-,"*4,9400","6,7800",-,-,-,transcricao_imagem,DOU 23/01/2026 ed.16 s.1 p.25
2026-02-01,2,2026,8,ES,-,"*4,7358","*4,1765",-,-,-,transcricao_imagem,DOU 23/01/2026 ed.16 s.1 p.25
2026-02-01,2,2026,9,GO,-,"*4,7342",-,-,-,-,transcricao_imagem,DOU 23/01/2026 ed.16 s.1 p.25
2026-02-01,2,2026,10,MA,-,"*4,7600",-,-,-,-,transcricao_imagem,DOU 23/01/2026 ed.16 s.1 p.25
2026-02-01,2,2026,11,MG,"**5,1154","*4,6965","4,8983",-,-,-,transcricao_imagem,DOU 23/01/2026 ed.16 s.1 p.25
2026-02-01,2,2026,12,MS,"**4,4294","*4,2920","**4,5111",-,-,-,transcricao_imagem,DOU 23/01/2026 ed.16 s.1 p.25
2026-02-01,2,2026,13,MT,"6,4170","4,3835","4,0497","3,6700",-,-,transcricao_imagem,DOU 23/01/2026 ed.16 s.1 p.25
2026-02-01,2,2026,14,PA,-,"4,8124",-,-,-,-,transcricao_imagem,DOU 23/01/2026 ed.16 s.1 p.25
2026-02-01,2,2026,15,PB,"**4,1141","*4,3679","**4,9247",-,"4,9389","4,9389",transcricao_imagem,DOU 23/01/2026 ed.16 s.1 p.25
2026-02-01,2,2026,16,PE,-,"*4,9200",-,-,-,-,transcricao_imagem,DOU 23/01/2026 ed.16 s.1 p.25
2026-02-01,2,2026,17,PI,"5,6800","4,6400",-,-,-,-,transcricao_imagem,DOU 23/01/2026 ed.16 s.1 p.25
2026-02-01,2,2026,18,PR,-,"4,3006","4,7805",-,-,-,transcricao_imagem,DOU 23/01/2026 ed.16 s.1 p.25
2026-02-01,2,2026,19,RJ,"2,4456","*4,8400","**4,3900",-,-,-,transcricao_imagem,DOU 23/01/2026 ed.16 s.1 p.25
2026-02-01,2,2026,20,RN,-,"4,4500","5,0400",-,-,-,transcricao_imagem,DOU 23/01/2026 ed.16 s.1 p.25
2026-02-01,2,2026,21,RO,-,"5,0870",-,-,"4,0864",-,transcricao_imagem,DOU 23/01/2026 ed.16 s.1 p.25
2026-02-01,2,2026,22,RR,"*6,9930","5,1850",-,-,-,-,transcricao_imagem,DOU 23/01/2026 ed.16 s.1 p.25
2026-02-01,2,2026,23,RS,-,"*4,7831","*4,8831",-,-,-,transcricao_imagem,DOU 23/01/2026 ed.16 s.1 p.25
2026-02-01,2,2026,24,SC,-,"4,6855","4,9120",-,-,-,transcricao_imagem,DOU 23/01/2026 ed.16 s.1 p.25
2026-02-01,2,2026,25,SE,"**4,5760","**4,8180","**4,6710",-,-,-,transcricao_imagem,DOU 23/01/2026 ed.16 s.1 p.25
2026-02-01,2,2026,26,SP,-,"*4,3200",-,-,-,-,transcricao_imagem,DOU 23/01/2026 ed.16 s.1 p.25
2026-02-01,2,2026,27,TO,"6,4500","4,8200",-,-,-,-,transcricao_imagem,DOU 23/01/2026 ed.16 s.1 p.25
2026-02-16,4,2026,1,AC,-,"5,2254",-,-,-,-,transcricao_imagem,DOU 10/02/2026 ed.28 s.1 p.24
2026-02-16,4,2026,2,AL,"3,4910","5,1155","4,5764",-,-,-,transcricao_imagem,DOU 10/02/2026 ed.28 s.1 p.24
2026-02-16,4,2026,3,AM,-,"**5,4243","3,1594","1,7773",-,-,transcricao_imagem,DOU 10/02/2026 ed.28 s.1 p.24
2026-02-16,4,2026,4,AP,-,"5,7900",-,-,-,-,transcricao_imagem,DOU 10/02/2026 ed.28 s.1 p.24
2026-02-16,4,2026,5,BA,-,"4,5900","3,6940",-,-,-,transcricao_imagem,DOU 10/02/2026 ed.28 s.1 p.24
2026-02-16,4,2026,6,CE,-,"4,9850","5,1334",-,-,-,transcricao_imagem,DOU 10/02/2026 ed.28 s.1 p.24
2026-02-16,4,2026,7,DF,-,"*5,0700","6,7800",-,-,-,transcricao_imagem,DOU 10/02/2026 ed.28 s.1 p.24
2026-02-16,4,2026,8,ES,-,"*4,8190","*4,1825",-,-,-,transcricao_imagem,DOU 10/02/2026 ed.28 s.1 p.24
2026-02-16,4,2026,9,GO,-,"4,7342",-,-,-,-,transcricao_imagem,DOU 10/02/2026 ed.28 s.1 p.24
2026-02-16,4,2026,10,MA,-,"*4,8300",-,-,-,-,transcricao_imagem,DOU 10/02/2026 ed.28 s.1 p.24
2026-02-16,4,2026,11,MG,"5,1154","4,6965","4,8983",-,-,-,transcricao_imagem,DOU 10/02/2026 ed.28 s.1 p.24
2026-02-16,4,2026,12,MS,"4,4294","4,2920","4,5111",-,-,-,transcricao_imagem,DOU 10/02/2026 ed.28 s.1 p.24
2026-02-16,4,2026,13,MT,"6,4170","4,3835","4,0497","3,6700",-,-,transcricao_imagem,DOU 10/02/2026 ed.28 s.1 p.24
2026-02-16,4,2026,14,PA,-,"*4,8263",-,-,-,-,transcricao_imagem,DOU 10/02/2026 ed.28 s.1 p.24
2026-02-16,4,2026,15,PB,"4,1141","4,3679","4,9247",-,"4,9389","4,9389",transcricao_imagem,DOU 10/02/2026 ed.28 s.1 p.24
2026-02-16,4,2026,16,PE,-,"4,9200",-,-,-,-,transcricao_imagem,DOU 10/02/2026 ed.28 s.1 p.24
2026-02-16,4,2026,17,PI,"5,6800","4,6400",-,-,-,-,transcricao_imagem,DOU 10/02/2026 ed.28 s.1 p.24
2026-02-16,4,2026,18,PR,-,"4,3006","4,7805",-,-,-,transcricao_imagem,DOU 10/02/2026 ed.28 s.1 p.24
2026-02-16,4,2026,19,RJ,"2,4456","*4,9300","*4,4000",-,-,-,transcricao_imagem,DOU 10/02/2026 ed.28 s.1 p.24
2026-02-16,4,2026,20,RN,-,"4,4500","5,0400",-,-,-,transcricao_imagem,DOU 10/02/2026 ed.28 s.1 p.24
2026-02-16,4,2026,21,RO,-,"5,0870",-,-,"4,0864",-,transcricao_imagem,DOU 10/02/2026 ed.28 s.1 p.24
2026-02-16,4,2026,22,RR,"6,9930","5,1850",-,-,-,-,transcricao_imagem,DOU 10/02/2026 ed.28 s.1 p.24
2026-02-16,4,2026,23,RS,-,"4,7831","4,8831",-,-,-,transcricao_imagem,DOU 10/02/2026 ed.28 s.1 p.24
2026-02-16,4,2026,24,SC,-,"4,6855","4,9120",-,-,-,transcricao_imagem,DOU 10/02/2026 ed.28 s.1 p.24
2026-02-16,4,2026,25,SE,"4,5760","4,8180","4,6710",-,-,-,transcricao_imagem,DOU 10/02/2026 ed.28 s.1 p.24
2026-02-16,4,2026,26,SP,-,"4,3200",-,-,-,-,transcricao_imagem,DOU 10/02/2026 ed.28 s.1 p.24
2026-02-16,4,2026,27,TO,"6,4500","5,1100",-,-,-,-,transcricao_imagem,DOU 10/02/2026 ed.28 s.1 p.24
2026-03-01,5,2026,1,AC,-,"**5,2225",-,-,-,-,transcricao_imagem,DOU 25/02/2026 ed.37 s.1 p.42
2026-03-01,5,2026,2,AL,"3,4910","5,1155","4,5764",-,-,-,transcricao_imagem,DOU 25/02/2026 ed.37 s.1 p.42
2026-03-01,5,2026,3,AM,-,"*5,4338","**3,1366","*1,8257",-,-,transcricao_imagem,DOU 25/02/2026 ed.37 s.1 p.42
2026-03-01,5,2026,4,AP,-,"*5,8900",-,-,-,-,transcricao_imagem,DOU 25/02/2026 ed.37 s.1 p.42
2026-03-01,5,2026,5,BA,-,"4,5900","3,6940",-,-,-,transcricao_imagem,DOU 25/02/2026 ed.37 s.1 p.42
2026-03-01,5,2026,6,CE,-,"4,9850","5,1334",-,-,-,transcricao_imagem,DOU 25/02/2026 ed.37 s.1 p.42
2026-03-01,5,2026,7,DF,-,"*5,1200","6,7800",-,-,-,transcricao_imagem,DOU 25/02/2026 ed.37 s.1 p.42
2026-03-01,5,2026,8,ES,-,"*4,8470","**4,1290",-,-,-,transcricao_imagem,DOU 25/02/2026 ed.37 s.1 p.42
2026-03-01,5,2026,9,GO,-,"4,7342",-,-,-,-,transcricao_imagem,DOU 25/02/2026 ed.37 s.1 p.42
2026-03-01,5,2026,10,MA,-,"4,8300",-,-,-,-,transcricao_imagem,DOU 25/02/2026 ed.37 s.1 p.42
2026-03-01,5,2026,11,MG,"**4,9396","4,6965","*4,9914",-,-,-,transcricao_imagem,DOU 25/02/2026 ed.37 s.1 p.42
2026-03-01,5,2026,12,MS,"**4,3804","*4,3824","*4,5564",-,-,-,transcricao_imagem,DOU 25/02/2026 ed.37 s.1 p.42
2026-03-01,5,2026,13,MT,"**6,2129","*4,5393","4,0497","3,6700",-,-,transcricao_imagem,DOU 25/02/2026 ed.37 s.1 p.42
2026-03-01,5,2026,14,PA,-,"4,8263",-,-,-,-,transcricao_imagem,DOU 25/02/2026 ed.37 s.1 p.42
2026-03-01,5,2026,15,PB,"**3,9388","*4,4630","*4,9251",-,"4,9389","4,9389",transcricao_imagem,DOU 25/02/2026 ed.37 s.1 p.42
2026-03-01,5,2026,16,PE,-,"4,9200",-,-,-,-,transcricao_imagem,DOU 25/02/2026 ed.37 s.1 p.42
2026-03-01,5,2026,17,PI,"5,6800","4,6400",-,-,-,-,transcricao_imagem,DOU 25/02/2026 ed.37 s.1 p.42
2026-03-01,5,2026,18,PR,-,"4,3006","4,7805",-,-,-,transcricao_imagem,DOU 25/02/2026 ed.37 s.1 p.42
2026-03-01,5,2026,19,RJ,"2,4456","*4,9700","**4,2200",-,-,-,transcricao_imagem,DOU 25/02/2026 ed.37 s.1 p.42
2026-03-01,5,2026,20,RN,-,"*5,5200","5,0400",-,-,-,transcricao_imagem,DOU 25/02/2026 ed.37 s.1 p.42
2026-03-01,5,2026,21,RO,-,"5,0870",-,-,"4,0864",-,transcricao_imagem,DOU 25/02/2026 ed.37 s.1 p.42
2026-03-01,5,2026,22,RR,"6,9930","5,1850",-,-,-,-,transcricao_imagem,DOU 25/02/2026 ed.37 s.1 p.42
2026-03-01,5,2026,23,RS,-,"*4,8996","*4,8951",-,-,-,transcricao_imagem,DOU 25/02/2026 ed.37 s.1 p.42
2026-03-01,5,2026,24,SC,-,"4,6855","4,9120",-,-,-,transcricao_imagem,DOU 25/02/2026 ed.37 s.1 p.42
2026-03-01,5,2026,25,SE,"*4,5880","*4,8740","**4,6080",-,-,-,transcricao_imagem,DOU 25/02/2026 ed.37 s.1 p.42
2026-03-01,5,2026,26,SP,-,"*4,4600",-,-,-,-,transcricao_imagem,DOU 25/02/2026 ed.37 s.1 p.42
2026-03-01,5,2026,27,TO,"*6,6300","*5,2300",-,-,-,-,transcricao_imagem,DOU 25/02/2026 ed.37 s.1 p.42
2026-03-16,6,2026,1,AC,-,"5,2225",-,-,-,-,pdf_texto,DOU 2026-03-10
2026-03-16,6,2026,2,AL,"3,4910","5,1155","4,5764",-,-,-,pdf_texto,DOU 2026-03-10
2026-03-16,6,2026,3,AM,-,"*5,4382","3,1366","1,8257",-,-,pdf_texto,DOU 2026-03-10
2026-03-16,6,2026,4,AP,-,"5,8900",-,-,-,-,pdf_texto,DOU 2026-03-10
2026-03-16,6,2026,5,BA,-,"4,5900","3,6940",-,-,-,pdf_texto,DOU 2026-03-10
2026-03-16,6,2026,6,CE,-,"4,9850","5,1334",-,-,-,pdf_texto,DOU 2026-03-10
2026-03-16,6,2026,7,DF,-,"*5,1400","6,7800",-,-,-,pdf_texto,DOU 2026-03-10
2026-03-16,6,2026,8,ES,-,"*4,8524","**4,0991",-,-,-,pdf_texto,DOU 2026-03-10
2026-03-16,6,2026,9,GO,-,"4,7342",-,-,-,-,pdf_texto,DOU 2026-03-10
2026-03-16,6,2026,10,MA,-,"*4,8600",-,-,-,-,pdf_texto,DOU 2026-03-10
2026-03-16,6,2026,11,MG,"4,9396","4,6965","4,9914",-,-,-,pdf_texto,DOU 2026-03-10
2026-03-16,6,2026,12,MS,"4,3804","4,3824","4,5564",-,-,-,pdf_texto,DOU 2026-03-10
2026-03-16,6,2026,13,MT,"6,2129","4,5393","4,0497","3,6700",-,-,pdf_texto,DOU 2026-03-10
2026-03-16,6,2026,14,PA,-,"4,8263",-,-,-,-,pdf_texto,DOU 2026-03-10
2026-03-16,6,2026,15,PB,"**3,9321","**4,4559","**4,9186",-,"4,9389","4,9389",pdf_texto,DOU 2026-03-10
2026-03-16,6,2026,16,PE,-,"5,1800",-,-,-,-,pdf_texto,DOU 2026-03-10
2026-03-16,6,2026,17,PI,"5,6800","4,6400",-,-,-,-,pdf_texto,DOU 2026-03-10
2026-03-16,6,2026,18,PR,-,"4,3006","4,7805",-,-,-,pdf_texto,DOU 2026-03-10
2026-03-16,6,2026,19,RJ,"2,4456","*4,9800","*4,2400",-,-,-,pdf_texto,DOU 2026-03-10
2026-03-16,6,2026,20,RN,-,"5,5200","5,0400",-,-,-,pdf_texto,DOU 2026-03-10
2026-03-16,6,2026,21,RO,-,"*5,3460",-,-,"4,0864",-,pdf_texto,DOU 2026-03-10
2026-03-16,6,2026,22,RR,"6,9930","5,1850",-,-,-,-,pdf_texto,DOU 2026-03-10
2026-03-16,6,2026,23,RS,-,"4,8996","4,8951",-,-,-,pdf_texto,DOU 2026-03-10
2026-03-16,6,2026,24,SC,-,"4,6855","4,9120",-,-,-,pdf_texto,DOU 2026-03-10
2026-03-16,6,2026,25,SE,"4,5880","4,8740","4,6080",-,-,-,pdf_texto,DOU 2026-03-10
2026-03-16,6,2026,26,SP,-,"4,4600",-,-,-,-,pdf_texto,DOU 2026-03-10
2026-03-16,6,2026,27,TO,"6,6300","5,2300",-,-,-,-,pdf_texto,DOU 2026-03-10
2026-04-01,7,2026,1,AC,-,"*5,3984",-,-,-,-,pdf_texto,DOU 2026-03-25
2026-04-01,7,2026,2,AL,"3,4910","5,1155","4,5764",-,-,-,pdf_texto,DOU 2026-03-25
2026-04-01,7,2026,3,AM,-,"*5,5409","**3,1320","**1,8236",-,-,pdf_texto,DOU 2026-03-25
2026-04-01,7,2026,4,AP,-,"5,8900",-,-,-,-,pdf_texto,DOU 2026-03-25
2026-04-01,7,2026,5,BA,-,"4,5900","3,6940",-,-,-,pdf_texto,DOU 2026-03-25
2026-04-01,7,2026,6,CE,-,"4,9850","5,1334",-,-,-,pdf_texto,DOU 2026-03-25
2026-04-01,7,2026,7,DF,-,"*5,1800","6,7800",-,-,-,pdf_texto,DOU 2026-03-25
2026-04-01,7,2026,8,ES,-,"4,8524","4,0991",-,-,-,pdf_texto,DOU 2026-03-25
2026-04-01,7,2026,9,GO,-,"**4,4702",-,-,-,-,pdf_texto,DOU 2026-03-25
2026-04-01,7,2026,10,MA,-,"*5,0100",-,-,-,-,pdf_texto,DOU 2026-03-25
2026-04-01,7,2026,11,MG,"*5,3868","*4,8072","*5,1055",-,-,-,pdf_texto,DOU 2026-03-25
2026-04-01,7,2026,12,MS,"*4,5606","*4,4432","**4,3961",-,-,-,pdf_texto,DOU 2026-03-25
2026-04-01,7,2026,13,MT,"6,2129","4,5393","4,0497","3,6700",-,-,pdf_texto,DOU 2026-03-25
2026-04-01,7,2026,14,PA,-,"*4,9682",-,-,-,-,pdf_texto,DOU 2026-03-25
2026-04-01,7,2026,15,PB,"*4,3280","*4,5239","*4,9203",-,"4,9389","4,9389",pdf_texto,DOU 2026-03-25
2026-04-01,7,2026,16,PE,-,"*5,4300",-,-,-,-,pdf_texto,DOU 2026-03-25
2026-04-01,7,2026,17,PI,"5,6800","4,6400",-,-,-,-,pdf_texto,DOU 2026-03-25
2026-04-01,7,2026,18,PR,-,"*4,7631","**4,6740",-,-,-,pdf_texto,DOU 2026-03-25
2026-04-01,7,2026,19,RJ,"2,4456","*5,0800","**4,2100",-,-,-,pdf_texto,DOU 2026-03-25
2026-04-01,7,2026,20,RN,-,"5,5200","5,0400",-,-,-,pdf_texto,DOU 2026-03-25
2026-04-01,7,2026,21,RO,-,"5,3460",-,-,"4,0864",-,pdf_texto,DOU 2026-03-25
2026-04-01,7,2026,22,RR,"6,9930","5,1850",-,-,-,-,pdf_texto,DOU 2026-03-25
2026-04-01,7,2026,23,RS,-,"*4,9409","**4,8800",-,-,-,pdf_texto,DOU 2026-03-25
2026-04-01,7,2026,24,SC,-,"4,6855","4,9120",-,-,-,pdf_texto,DOU 2026-03-25
2026-04-01,7,2026,25,SE,"4,5880","4,8740","4,6080",-,-,-,pdf_texto,DOU 2026-03-25
2026-04-01,7,2026,26,SP,-,"*4,4700",-,-,-,-,pdf_texto,DOU 2026-03-25
2026-04-01,7,2026,27,TO,"6,6300","5,2300",-,-,-,-,pdf_texto,DOU 2026-03-25
2026-04-16,9,2026,1,AC,-,"5,3984",-,-,-,-,pdf_texto,DOU 2026-04-10
2026-04-16,9,2026,2,AL,"3,4910","5,1155","4,5764",-,-,-,pdf_texto,DOU 2026-04-10
2026-04-16,9,2026,3,AM,-,"**5,5203","3,1320","1,8236",-,-,pdf_texto,DOU 2026-04-10
2026-04-16,9,2026,4,AP,-,"5,8900",-,-,-,-,pdf_texto,DOU 2026-04-10
2026-04-16,9,2026,5,BA,-,"4,5900","3,6940",-,-,-,pdf_texto,DOU 2026-04-10
2026-04-16,9,2026,6,CE,-,"4,9850","5,1334",-,-,-,pdf_texto,DOU 2026-04-10
2026-04-16,9,2026,7,DF,-,"**5,1200","6,7800",-,-,-,pdf_texto,DOU 2026-04-10
2026-04-16,9,2026,8,ES,-,"*5,0437","**4,0841",-,-,-,pdf_texto,DOU 2026-04-10
2026-04-16,9,2026,9,GO,-,"4,4702",-,-,-,-,pdf_texto,DOU 2026-04-10
2026-04-16,9,2026,10,MA,-,"*5,3000",-,-,-,-,pdf_texto,DOU 2026-04-10
2026-04-16,9,2026,11,MG,"5,3868","4,8072","5,1055",-,-,-,pdf_texto,DOU 2026-04-10
2026-04-16,9,2026,12,MS,"4,5606","4,4432","4,3961",-,-,-,pdf_texto,DOU 2026-04-10
2026-04-16,9,2026,13,MT,"6,2129","4,5393","4,0497","3,6700",-,-,pdf_texto,DOU 2026-04-10
2026-04-16,9,2026,14,PA,-,"4,9682",-,-,-,-,pdf_texto,DOU 2026-04-10
2026-04-16,9,2026,15,PB,"*4,3405","*4,7160","*4,9215",-,"4,9389","4,9389",pdf_texto,DOU 2026-04-10
2026-04-16,9,2026,16,PE,-,"5,4300",-,-,-,-,pdf_texto,DOU 2026-04-10
2026-04-16,9,2026,17,PI,"5,6800","4,6400",-,-,-,-,pdf_texto,DOU 2026-04-10
2026-04-16,9,2026,18,PR,-,"4,7631","4,6740",-,-,-,pdf_texto,DOU 2026-04-10
2026-04-16,9,2026,19,RJ,"2,4456","5,0800","4,2100",-,-,-,pdf_texto,DOU 2026-04-10
2026-04-16,9,2026,20,RN,-,"5,5200","5,0400",-,-,-,pdf_texto,DOU 2026-04-10
2026-04-16,9,2026,21,RO,-,"5,3460",-,-,"4,0864",-,pdf_texto,DOU 2026-04-10
2026-04-16,9,2026,22,RR,"*7,1906","*5,5200",-,-,-,-,pdf_texto,DOU 2026-04-10
2026-04-16,9,2026,23,RS,-,"4,9409","4,8800",-,-,-,pdf_texto,DOU 2026-04-10
2026-04-16,9,2026,24,SC,-,"4,6855","4,9120",-,-,-,pdf_texto,DOU 2026-04-10
2026-04-16,9,2026,25,SE,"4,8520","4,9230","4,5980",-,-,-,pdf_texto,DOU 2026-04-10
2026-04-16,9,2026,26,SP,-,"4,4700",-,-,-,-,pdf_texto,DOU 2026-04-10
2026-04-16,9,2026,27,TO,"6,6300","5,2300",-,-,-,-,pdf_texto,DOU 2026-04-10
2026-05-01,12,2026,1,AC,-,"*5,4039",-,-,-,-,pdf_texto,DOU 2026-04-24
2026-05-01,12,2026,2,AL,"3,4910","5,1155","4,5764",-,-,-,pdf_texto,DOU 2026-04-24
2026-05-01,12,2026,3,AM,-,"**5,3233","**3,1286","*1,8264",-,-,pdf_texto,DOU 2026-04-24
2026-05-01,12,2026,4,AP,-,"5,8900",-,-,-,-,pdf_texto,DOU 2026-04-24
2026-05-01,12,2026,5,BA,-,"4,5900","3,6940",-,-,-,pdf_texto,DOU 2026-04-24
2026-05-01,12,2026,6,CE,-,"4,9850","5,1334",-,-,-,pdf_texto,DOU 2026-04-24
2026-05-01,12,2026,7,DF,-,"**4,8700","6,7800",-,-,-,pdf_texto,DOU 2026-04-24
2026-05-01,12,2026,8,ES,-,"*5,0643","*4,0887",-,-,-,pdf_texto,DOU 2026-04-24
2026-05-01,12,2026,9,GO,-,"*4,7157",-,-,-,-,pdf_texto,DOU 2026-04-24
2026-05-01,12,2026,10,MA,-,"5,3000",-,-,-,-,pdf_texto,DOU 2026-04-24
2026-05-01,12,2026,11,MG,"*7,6592","**4,7554","**5,0437",-,-,-,pdf_texto,DOU 2026-04-24
2026-05-01,12,2026,12,MS,"*4,8629","*4,5162","*4,4879",-,-,-,pdf_texto,DOU 2026-04-24
2026-05-01,12,2026,13,MT,"*7,5886","4,5393","4,0497","3,6700",-,-,pdf_texto,DOU 2026-04-24
2026-05-01,12,2026,14,PA,-,"*5,1095",-,-,-,-,pdf_texto,DOU 2026-04-24
2026-05-01,12,2026,15,PB,"*6,6105","*4,8158","*4,9228",-,"4,9389","4,9389",pdf_texto,DOU 2026-04-24
2026-05-01,12,2026,16,PE,-,"*5,6600",-,-,-,-,pdf_texto,DOU 2026-04-24
2026-05-01,12,2026,17,PI,"5,6800","4,6400",-,-,-,-,pdf_texto,DOU 2026-04-24
2026-05-01,12,2026,18,PR,-,"4,7631","4,6740",-,-,-,pdf_texto,DOU 2026-04-24
2026-05-01,12,2026,19,RJ,"2,4456","**5,1400","**4,1600",-,-,-,pdf_texto,DOU 2026-04-24
2026-05-01,12,2026,20,RN,-,"5,5200","5,0400",-,-,-,pdf_texto,DOU 2026-04-24
2026-05-01,12,2026,21,RO,-,"5,3460",-,-,"4,0864",-,pdf_texto,DOU 2026-04-24
2026-05-01,12,2026,22,RR,"7,1906","5,5200",-,-,-,-,pdf_texto,DOU 2026-04-24
2026-05-01,12,2026,23,RS,-,"*5,0765","**4,8268",-,-,-,pdf_texto,DOU 2026-04-24
2026-05-01,12,2026,24,SC,-,"4,6855","4,9120",-,-,-,pdf_texto,DOU 2026-04-24
2026-05-01,12,2026,25,SE,"*7,1270","*5,4790","*4,5970",-,-,-,pdf_texto,DOU 2026-04-24
2026-05-01,12,2026,26,SP,-,"*4,5200",-,-,-,-,pdf_texto,DOU 2026-04-24
2026-05-01,12,2026,27,TO,"6,6300","5,2300",-,-,-,-,pdf_texto,DOU 2026-04-24
2026-05-16,13,2026,1,AC,-,"5,4039",-,-,-,-,pdf_texto,DOU 2026-05-08
2026-05-16,13,2026,2,AL,"3,4910","5,1155","4,5764",-,-,-,pdf_texto,DOU 2026-05-08
2026-05-16,13,2026,3,AM,-,"**5,2924","3,1286","*1,8473",-,-,pdf_texto,DOU 2026-05-08
2026-05-16,13,2026,4,AP,-,"5,8900",-,-,-,-,pdf_texto,DOU 2026-05-08
2026-05-16,13,2026,5,BA,-,"4,5900","3,6940",-,-,-,pdf_texto,DOU 2026-05-08
2026-05-16,13,2026,6,CE,-,"4,9850","5,1334",-,-,-,pdf_texto,DOU 2026-05-08
2026-05-16,13,2026,7,DF,-,"**4,4300","6,7800",-,-,-,pdf_texto,DOU 2026-05-08
2026-05-16,13,2026,8,ES,-,"**5,0574","*4,0890",-,-,-,pdf_texto,DOU 2026-05-08
2026-05-16,13,2026,9,GO,-,"4,7157",-,-,-,-,pdf_texto,DOU 2026-05-08
2026-05-16,13,2026,10,MA,-,"**5,2600",-,-,-,-,pdf_texto,DOU 2026-05-08
2026-05-16,13,2026,11,MG,"7,6592","4,7554","5,0437",-,-,-,pdf_texto,DOU 2026-05-08
2026-05-16,13,2026,12,MS,"4,8629","4,5162","4,4879",-,-,-,pdf_texto,DOU 2026-05-08
2026-05-16,13,2026,13,MT,"7,5886","4,5393","4,0497","3,6700",-,-,pdf_texto,DOU 2026-05-08
2026-05-16,13,2026,14,PA,-,"5,1095",-,-,-,-,pdf_texto,DOU 2026-05-08
2026-05-16,13,2026,15,PB,"**6,3393","*4,8513","*4,9275",-,"4,9389","4,9389",pdf_texto,DOU 2026-05-08
2026-05-16,13,2026,16,PE,-,"5,6600",-,-,-,-,pdf_texto,DOU 2026-05-08
2026-05-16,13,2026,17,PI,"5,6800","4,6400",-,-,-,-,pdf_texto,DOU 2026-05-08
2026-05-16,13,2026,18,PR,-,"4,7631","4,6740",-,-,-,pdf_texto,DOU 2026-05-08
2026-05-16,13,2026,19,RJ,"2,4456","**5,1000","**4,1500",-,-,-,pdf_texto,DOU 2026-05-08
2026-05-16,13,2026,20,RN,-,"5,5200","5,0400",-,-,-,pdf_texto,DOU 2026-05-08
2026-05-16,13,2026,21,RO,-,"5,3460",-,-,"4,0864",-,pdf_texto,DOU 2026-05-08
2026-05-16,13,2026,22,RR,"7,1906","5,5200",-,-,-,-,pdf_texto,DOU 2026-05-08
2026-05-16,13,2026,23,RS,-,"5,0765","4,8268",-,-,-,pdf_texto,DOU 2026-05-08
2026-05-16,13,2026,24,SC,-,"4,6855","4,9120",-,-,-,pdf_texto,DOU 2026-05-08
2026-05-16,13,2026,25,SE,"7,1270","5,4790","4,5970",-,-,-,pdf_texto,DOU 2026-05-08
2026-05-16,13,2026,26,SP,-,"4,5200",-,-,-,-,pdf_texto,DOU 2026-05-08
2026-05-16,13,2026,27,TO,"6,6300","5,2300",-,-,-,-,pdf_texto,DOU 2026-05-08
2026-06-01,14,2026,1,AC,-,"**5,3038",-,-,-,-,pdf_texto,DOU 2026-05-25
2026-06-01,14,2026,2,AL,"3,4910","5,1155","4,5764",-,-,-,pdf_texto,DOU 2026-05-25
2026-06-01,14,2026,3,AM,-,"5,2924","3,1286","1,8473",-,-,pdf_texto,DOU 2026-05-25
2026-06-01,14,2026,4,AP,-,"**5,8600",-,-,-,-,pdf_texto,DOU 2026-05-25
2026-06-01,14,2026,5,BA,-,"4,5900","3,6940",-,-,-,pdf_texto,DOU 2026-05-25
2026-06-01,14,2026,6,CE,-,"4,9850","5,1334",-,-,-,pdf_texto,DOU 2026-05-25
2026-06-01,14,2026,7,DF,-,"**4,3800","6,7800",-,-,-,pdf_texto,DOU 2026-05-25
2026-06-01,14,2026,8,ES,-,"**5,0062","**4,0889",-,-,-,pdf_texto,DOU 2026-05-25
2026-06-01,14,2026,9,GO,-,"4,7157",-,-,-,-,pdf_texto,DOU 2026-05-25
2026-06-01,14,2026,10,MA,-,"**5,1900",-,-,-,-,pdf_texto,DOU 2026-05-25
2026-06-01,14,2026,11,MG,"*8,7160","**4,5279","5,0437",-,-,-,pdf_texto,DOU 2026-05-25
2026-06-01,14,2026,12,MS,"*6,7788","**4,3217","**4,4226",-,-,-,pdf_texto,DOU 2026-05-25
2026-06-01,14,2026,13,MT,"*9,1086","4,5393","4,0497","3,6700",-,-,pdf_texto,DOU 2026-05-25
2026-06-01,14,2026,14,PA,-,"5,1095",-,-,-,-,pdf_texto,DOU 2026-05-25
2026-06-01,14,2026,15,PB,"*7,4098","**4,8394","*4,9318",-,"4,9389","4,9389",pdf_texto,DOU 2026-05-25
2026-06-01,14,2026,16,PE,-,"**5,5700",-,-,-,-,pdf_texto,DOU 2026-05-25
2026-06-01,14,2026,17,PI,"5,6800","4,6400",-,-,-,-,pdf_texto,DOU 2026-05-25
2026-06-01,14,2026,18,PR,-,"**4,3457","**4,4838",-,-,-,pdf_texto,DOU 2026-05-25
2026-06-01,14,2026,19,RJ,"2,4456","**4,9500","*4,4400",-,-,-,pdf_texto,DOU 2026-05-25
2026-06-01,14,2026,20,RN,-,"5,5200","5,0400",-,-,-,pdf_texto,DOU 2026-05-25
2026-06-01,14,2026,21,RO,-,"5,3460",-,-,"4,0864",-,pdf_texto,DOU 2026-05-25
2026-06-01,14,2026,22,RR,"*9,5900","**5,5100",-,-,-,-,pdf_texto,DOU 2026-05-25
2026-06-01,14,2026,23,RS,-,"**4,8684","**4,8238",-,-,-,pdf_texto,DOU 2026-05-25
2026-06-01,14,2026,24,SC,-,"*4,7928","**4,6195",-,-,-,pdf_texto,DOU 2026-05-25
2026-06-01,14,2026,25,SE,"*8,1560","*5,5200","*4,8090",-,-,-,pdf_texto,DOU 2026-05-25
2026-06-01,14,2026,26,SP,-,"**4,0700",-,-,-,-,pdf_texto,DOU 2026-05-25
2026-06-01,14,2026,27,TO,"6,6300","5,2300",-,-,-,-,pdf_texto,DOU 2026-05-25
2026-06-16,17,2026,1,AC,-,"5,3038",-,-,-,-,pdf_texto,DOU 2026-06-10
2026-06-16,17,2026,2,AL,"3,4910","5,1155","4,5764",-,-,-,pdf_texto,DOU 2026-06-10
2026-06-16,17,2026,3,AM,-,"**4,8082","3,2890","1,8340",-,-,pdf_texto,DOU 2026-06-10
2026-06-16,17,2026,4,AP,-,"5,8600",-,-,-,-,pdf_texto,DOU 2026-06-10
2026-06-16,17,2026,5,BA,-,"4,5900","3,6940",-,-,-,pdf_texto,DOU 2026-06-10
2026-06-16,17,2026,6,CE,-,"4,9850","5,1334",-,-,-,pdf_texto,DOU 2026-06-10
2026-06-16,17,2026,7,DF,-,"**4,1200","6,7800",-,-,-,pdf_texto,DOU 2026-06-10
2026-06-16,17,2026,8,ES,-,"**4,9256","*4,0988",-,-,-,pdf_texto,DOU 2026-06-10
2026-06-16,17,2026,9,GO,-,"4,3404",-,-,-,-,pdf_texto,DOU 2026-06-10
2026-06-16,17,2026,10,MA,-,"**5,1700",-,-,-,-,pdf_texto,DOU 2026-06-10
2026-06-16,17,2026,11,MG,"8,7160","4,5279","5,0437",-,-,-,pdf_texto,DOU 2026-06-10
2026-06-16,17,2026,12,MS,"6,7788","4,3217","4,4226",-,-,-,pdf_texto,DOU 2026-06-10
2026-06-16,17,2026,13,MT,"9,1086","4,5393","4,0497","3,6700",-,-,pdf_texto,DOU 2026-06-10
2026-06-16,17,2026,14,PA,-,"5,1095",-,-,-,-,pdf_texto,DOU 2026-06-10
2026-06-16,17,2026,15,PB,"**7,3765","**4,8111","**4,9286",-,"4,9389","4,9389",pdf_texto,DOU 2026-06-10
2026-06-16,17,2026,16,PE,-,"5,5700",-,-,-,-,pdf_texto,DOU 2026-06-10
2026-06-16,17,2026,17,PI,"5,6800","4,6400",-,-,-,-,pdf_texto,DOU 2026-06-10
2026-06-16,17,2026,18,PR,-,"4,3457","4,4838",-,-,-,pdf_texto,DOU 2026-06-10
2026-06-16,17,2026,19,RJ,"2,4456","**4,8700","4,4400",-,-,-,pdf_texto,DOU 2026-06-10
2026-06-16,17,2026,20,RN,-,"5,5200","5,0400",-,-,-,pdf_texto,DOU 2026-06-10
2026-06-16,17,2026,21,RO,-,"5,3460",-,-,"4,0864",-,pdf_texto,DOU 2026-06-10
2026-06-16,17,2026,22,RR,"9,5900","5,5100",-,-,-,-,pdf_texto,DOU 2026-06-10
2026-06-16,17,2026,23,RS,-,"4,8684","4,8238",-,-,-,pdf_texto,DOU 2026-06-10
2026-06-16,17,2026,24,SC,-,"4,7928","4,6195",-,-,-,pdf_texto,DOU 2026-06-10
2026-06-16,17,2026,25,SE,"*8,2400","**5,4770","**4,8080",-,-,-,pdf_texto,DOU 2026-06-10
2026-06-16,17,2026,26,SP,-,"4,0700",-,-,-,-,pdf_texto,DOU 2026-06-10
2026-06-16,17,2026,27,TO,"6,6300","5,2300",-,-,-,-,pdf_texto,DOU 2026-06-10
2026-07-01,18,2026,1,AC,-,"**5,2101",-,-,-,-,pdf_texto,DOU 2026-06-25
2026-07-01,18,2026,2,AL,"3,4910","5,1155","4,5764",-,-,-,pdf_texto,DOU 2026-06-25
2026-07-01,18,2026,3,AM,-,"*4,9405","*3,3211","*1,8450",-,-,pdf_texto,DOU 2026-06-25
2026-07-01,18,2026,4,AP,-,"*5,9800",-,-,-,-,pdf_texto,DOU 2026-06-25
2026-07-01,18,2026,5,BA,-,"4,5900","3,6940",-,-,-,pdf_texto,DOU 2026-06-25
2026-07-01,18,2026,6,CE,-,"4,9850","5,1334",-,-,-,pdf_texto,DOU 2026-06-25
2026-07-01,18,2026,7,DF,-,"*4,2300","6,7800",-,-,-,pdf_texto,DOU 2026-06-25
2026-07-01,18,2026,8,ES,-,"**4,8753","*4,2675",-,-,-,pdf_texto,DOU 2026-06-25
2026-07-01,18,2026,9,GO,-,"4,3404",-,-,-,-,pdf_texto,DOU 2026-06-25
2026-07-01,18,2026,10,MA,-,"**5,1300",-,-,-,-,pdf_texto,DOU 2026-06-25
2026-07-01,18,2026,11,MG,"**7,9259","**4,4536","*5,1343",-,-,-,pdf_texto,DOU 2026-06-25
2026-07-01,18,2026,12,MS,"*7,2048","**4,0803","*4,4526",-,-,-,pdf_texto,DOU 2026-06-25
2026-07-01,18,2026,13,MT,"*9,5514","**4,0767","4,0497","3,6700",-,-,pdf_texto,DOU 2026-06-25
2026-07-01,18,2026,14,PA,-,"**4,8808",-,-,-,-,pdf_texto,DOU 2026-06-25
2026-07-01,18,2026,15,PB,"**6,3114","**4,7794","*4,9354",-,"4,9389","4,9389",pdf_texto,DOU 2026-06-25
2026-07-01,18,2026,16,PE,-,"**5,4200",-,-,-,-,pdf_texto,DOU 2026-06-25
2026-07-01,18,2026,17,PI,"5,6800","4,6400",-,-,-,-,pdf_texto,DOU 2026-06-25
2026-07-01,18,2026,18,PR,-,"**4,2756","*4,5057",-,-,-,pdf_texto,DOU 2026-06-25
2026-07-01,18,2026,19,RJ,"2,4456","**4,8500","*4,4900",-,-,-,pdf_texto,DOU 2026-06-25
2026-07-01,18,2026,20,RN,-,"5,5200","5,0400",-,-,-,pdf_texto,DOU 2026-06-25
2026-07-01,18,2026,21,RO,-,"5,3460",-,-,"4,0864",-,pdf_texto,DOU 2026-06-25
2026-07-01,18,2026,22,RR,"**9,0400","**5,4140",-,-,-,-,pdf_texto,DOU 2026-06-25
2026-07-01,18,2026,23,RS,-,"**4,6534","*4,9211",-,-,-,pdf_texto,DOU 2026-06-25
2026-07-01,18,2026,24,SC,-,"**4,5424","**4,6160",-,-,-,pdf_texto,DOU 2026-06-25
2026-07-01,18,2026,25,SE,"**7,6860","*5,5200","**4,8070",-,-,-,pdf_texto,DOU 2026-06-25
2026-07-01,18,2026,26,SP,-,"**3,8500",-,-,-,-,pdf_texto,DOU 2026-06-25
2026-07-01,18,2026,27,TO,"*9,7700","**5,2100",-,-,-,-,pdf_texto,DOU 2026-06-25
2026-07-16,19,2026,1,AC,-,"5,2101",-,-,-,-,pdf_texto,DOU 2026-07-10
2026-07-16,19,2026,2,AL,"3,4910","5,1155","4,5764",-,-,-,pdf_texto,DOU 2026-07-10
2026-07-16,19,2026,3,AM,-,"*4,9781","3,3211","1,8450",-,-,pdf_texto,DOU 2026-07-10
2026-07-16,19,2026,4,AP,-,"5,9800",-,-,-,-,pdf_texto,DOU 2026-07-10
2026-07-16,19,2026,5,BA,-,"4,5900","3,6940",-,-,-,pdf_texto,DOU 2026-07-10
2026-07-16,19,2026,6,CE,-,"4,9850","5,1334",-,-,-,pdf_texto,DOU 2026-07-10
2026-07-16,19,2026,7,DF,-,"**3,9200","6,7800",-,-,-,pdf_texto,DOU 2026-07-10
2026-07-16,19,2026,8,ES,-,"**4,8415","*4,3385",-,-,-,pdf_texto,DOU 2026-07-10
2026-07-16,19,2026,9,GO,-,"4,3404",-,-,-,-,pdf_texto,DOU 2026-07-10
2026-07-16,19,2026,10,MA,-,"5,1300",-,-,-,-,pdf_texto,DOU 2026-07-10
2026-07-16,19,2026,11,MG,"7,9259","4,4536","5,1343",-,-,-,pdf_texto,DOU 2026-07-10
2026-07-16,19,2026,12,MS,"7,2048","4,0803","4,4526",-,-,-,pdf_texto,DOU 2026-07-10
2026-07-16,19,2026,13,MT,"9,5514","4,0767","4,0497","3,6700",-,-,pdf_texto,DOU 2026-07-10
2026-07-16,19,2026,14,PA,-,"4,8808",-,-,-,-,pdf_texto,DOU 2026-07-10
2026-07-16,19,2026,15,PB,"**6,2987","**4,7694","*4,9426",-,"4,9389","4,9389",pdf_texto,DOU 2026-07-10
2026-07-16,19,2026,16,PE,-,"5,4200",-,-,-,-,pdf_texto,DOU 2026-07-10
2026-07-16,19,2026,17,PI,"5,6800","4,6400",-,-,-,-,pdf_texto,DOU 2026-07-10
2026-07-16,19,2026,18,PR,-,"4,2756","4,5057",-,-,-,pdf_texto,DOU 2026-07-10
2026-07-16,19,2026,19,RJ,"2,4456","**4,8300","**4,3700",-,-,-,pdf_texto,DOU 2026-07-10
2026-07-16,19,2026,20,RN,-,"5,5200","5,0400",-,-,-,pdf_texto,DOU 2026-07-10
2026-07-16,19,2026,21,RO,-,"5,3460",-,-,"4,0864",-,pdf_texto,DOU 2026-07-10
2026-07-16,19,2026,22,RR,"9,0400","5,4140",-,-,-,-,pdf_texto,DOU 2026-07-10
2026-07-16,19,2026,23,RS,-,"4,6534","4,9211",-,-,-,pdf_texto,DOU 2026-07-10
2026-07-16,19,2026,24,SC,-,"4,5424","4,6160",-,-,-,pdf_texto,DOU 2026-07-10
2026-07-16,19,2026,25,SE,"7,6860","5,5200","4,8070",-,-,-,pdf_texto,DOU 2026-07-10
2026-07-16,19,2026,26,SP,-,"3,8500",-,-,-,-,pdf_texto,DOU 2026-07-10
2026-07-16,19,2026,27,TO,"9,7700","5,2100",-,-,-,-,pdf_texto,DOU 2026-07-10
2026-08-01,20,2026,1,AC,-,"**5,0538",-,-,-,-,transcricao_imagem,DOU 24/07/2026 ed.138 s.1 p.39
2026-08-01,20,2026,2,AL,"3,4910","5,1155","4,5764",-,-,-,transcricao_imagem,DOU 24/07/2026 ed.138 s.1 p.39
2026-08-01,20,2026,3,AM,-,"*5,1350","*3,3321","**1,8306",-,-,transcricao_imagem,DOU 24/07/2026 ed.138 s.1 p.39
2026-08-01,20,2026,4,AP,-,"**5,8100",-,-,-,-,transcricao_imagem,DOU 24/07/2026 ed.138 s.1 p.39
2026-08-01,20,2026,5,BA,-,"4,5900","3,6940",-,-,-,transcricao_imagem,DOU 24/07/2026 ed.138 s.1 p.39
2026-08-01,20,2026,6,CE,-,"4,9850","5,1334",-,-,-,transcricao_imagem,DOU 24/07/2026 ed.138 s.1 p.39
2026-08-01,20,2026,7,DF,-,"*3,9700","6,7800",-,-,-,transcricao_imagem,DOU 24/07/2026 ed.138 s.1 p.39
2026-08-01,20,2026,8,ES,-,"**4,8022","*4,3476",-,-,-,transcricao_imagem,DOU 24/07/2026 ed.138 s.1 p.39
2026-08-01,20,2026,9,GO,-,"**3,9831",-,-,-,-,transcricao_imagem,DOU 24/07/2026 ed.138 s.1 p.39
2026-08-01,20,2026,10,MA,-,"**5,0700",-,-,-,-,transcricao_imagem,DOU 24/07/2026 ed.138 s.1 p.39
2026-08-01,20,2026,11,MG,"**7,0586","**4,3584","5,1343",-,-,-,transcricao_imagem,DOU 24/07/2026 ed.138 s.1 p.39
2026-08-01,20,2026,12,MS,"**6,4970","**3,9977","*4,5715",-,-,-,transcricao_imagem,DOU 24/07/2026 ed.138 s.1 p.39
2026-08-01,20,2026,13,MT,"**8,7856","**3,7943","4,0497","3,6700",-,-,transcricao_imagem,DOU 24/07/2026 ed.138 s.1 p.39
2026-08-01,20,2026,14,PA,-,"**4,7533",-,-,-,-,transcricao_imagem,DOU 24/07/2026 ed.138 s.1 p.39
2026-08-01,20,2026,15,PB,"**5,3900","*4,7728","*4,9569",-,"4,9389","4,9389",transcricao_imagem,DOU 24/07/2026 ed.138 s.1 p.39
2026-08-01,20,2026,16,PE,-,"**5,1100",-,-,-,-,transcricao_imagem,DOU 24/07/2026 ed.138 s.1 p.39
2026-08-01,20,2026,17,PI,"5,6800","4,6400",-,-,-,-,transcricao_imagem,DOU 24/07/2026 ed.138 s.1 p.39
2026-08-01,20,2026,18,PR,-,"4,2756","4,5057",-,-,-,transcricao_imagem,DOU 24/07/2026 ed.138 s.1 p.39
2026-08-01,20,2026,19,RJ,"2,4456","**4,7800","**4,3300",-,-,-,transcricao_imagem,DOU 24/07/2026 ed.138 s.1 p.39
2026-08-01,20,2026,20,RN,-,"**5,2500","**5,0300",-,-,-,transcricao_imagem,DOU 24/07/2026 ed.138 s.1 p.39
2026-08-01,20,2026,21,RO,-,"5,3460",-,-,"4,0864",-,transcricao_imagem,DOU 24/07/2026 ed.138 s.1 p.39
2026-08-01,20,2026,22,RR,"9,0400","5,4140",-,-,-,-,transcricao_imagem,DOU 24/07/2026 ed.138 s.1 p.39
2026-08-01,20,2026,23,RS,-,"**4,4524","**4,8338",-,-,-,transcricao_imagem,DOU 24/07/2026 ed.138 s.1 p.39
2026-08-01,20,2026,24,SC,-,"**4,4122","*4,7615",-,-,-,transcricao_imagem,DOU 24/07/2026 ed.138 s.1 p.39
2026-08-01,20,2026,25,SE,"**6,7380","**5,4310","*4,8130",-,-,-,transcricao_imagem,DOU 24/07/2026 ed.138 s.1 p.39
2026-08-01,20,2026,26,SP,-,"3,8500",-,-,-,-,transcricao_imagem,DOU 24/07/2026 ed.138 s.1 p.39
2026-08-01,20,2026,27,TO,"9,7700","5,2100",-,-,-,-,transcricao_imagem,DOU 24/07/2026 ed.138 s.1 p.39
